{"blacklistprio":"","whitelistprio":"","proxytype":"","blacklisttimeout":"","blacklistpriocheck":false,"enabled":false,"feedback":true,"mouse":true,"whitelisttimeout":"","hour":0,"whitelistpriocheck":false,"blacklistcheck":false,"mouseconfirm":false,"enabledglobally":true,"https":true,"prio":0,"highqueue":false,"debug":false,"apikey":"","lowcredits":true,"whitelistcheck":false,"proxyhostport":"","blacklist":"","sitedomain":false,"whitelist":"","whitelisttimeoutcheck":false,"threadpoolsize":1,"minute":0,"confirm":false,"blackwhitelistingenabled":true,"puzzle":true,"hosteroptions":"","blacklisttimeoutcheck":false,"selfsolve":false,"defaultmaxtimeout":600000}