{"autoconfirmmanagerpriority":"DEFAULT","handleofflineonconfirmlatestselection":"INCLUDE_OFFLINE","variantscolumnalwaysvisible":false,"autoconfirmmanagerhandleoffline":"GLOBAL","defaultonaddeddupeslinksaction":"ASK","variouspackageenabled":true,"uselastdownloaddestinationasdefault":true,"quickviewselectionenabled":true,"linkgrabberautoconfirmenabled":false,"contextmenuaddlinksactionalwaysvisible":false,"splitpackagenamefactorypattern":"{PACKAGENAME}-{HOSTNAME}","linkgrabberautostartenabled":true,"autofilladdlinksdialogwithclipboardcontentenabled":true,"autoconfirmmaxdelay":-1,"variouspackagelimit":1,"addlinkspreparserenabled":true,"splitpackagemergeenabled":false,"autoconfirmmanagerclearlistafterconfirm":false,"linkgrabberaddattop":false,"missingparentdirectorythreshold":1,"autoconfirmmanagerassignpriorityenabled":false,"packagenamehistorylength":25,"addlinksdialogcheck":true,"autoextractionenabled":false,"autopackagematchingcorrectionenabled":true,"archivepackagizerenabled":true,"subfolderthreshold":0,"autoconfirmmanagerautostart":"ENABLED","autofilenamecorrectionenabled":true,"autoconfirmmanagerforcedownloads":false,"autoconfirmdelay":15000,"autostartconfirmsidebarfilterenabled":true,"subfoldercount":"NAMES","defaultonaddedofflinelinksaction":"ASK","handledupesonconfirmlatestselection":"INCLUDE","addlinksdialogoverwritespackagizerrulesenabled":true,"presetdebuglinks":null,"autoswitchtodownloadtableonconfirmdefaultenabled":true,"handleincompletearchiveonconfirmlatestselection":"ASK","offlinepackageenabled":true,"restorebuttonenabled":true}